{
  "model_version": "1.0.0",
  "label": "ground_truth_ROBOT",
  "dataset": "zenodo simple+semantic features (per session)",
  "best_model": "random_forest",
  "chosen_threshold": 0.3,
  "feature_columns": [
    "NUMBER_OF_REQUESTS",
    "TOTAL_DURATION",
    "AVERAGE_TIME",
    "STANDARD_DEVIATION",
    "REPEATED_REQUESTS",
    "HTTP_RESPONSE_2XX",
    "HTTP_RESPONSE_3XX",
    "HTTP_RESPONSE_4XX",
    "HTTP_RESPONSE_5XX",
    "GET_METHOD",
    "POST_METHOD",
    "HEAD_METHOD",
    "OTHER_METHOD",
    "NIGHT",
    "UNASSIGNED",
    "IMAGES",
    "TOTAL_HTML",
    "HTML_TO_IMAGE",
    "HTML_TO_CSS",
    "HTML_TO_JS",
    "WIDTH",
    "DEPTH",
    "STD_DEPTH",
    "CONSECUTIVE",
    "DATA",
    "PPI",
    "SF_REFERRER",
    "SF_FILETYPE",
    "MAX_BARRAGE",
    "PENALTY",
    "TOTAL_TOPICS",
    "UNIQUE_TOPICS",
    "PAGE_SIMILARITY",
    "PAGE_VARIANCE",
    "BOOLEAN_PAGE_VARIANCE"
  ],
  "n_samples": 67352,
  "n_robots": 13494,
  "models": {
    "random_forest": {
      "model": "random_forest",
      "threshold": 0.3,
      "precision": 0.8892264074524099,
      "recall": 0.9762116496220542,
      "f1": 0.9306909707503179,
      "auc_roc": 0.9951590240017826,
      "threshold_search": {
        "threshold": 0.3,
        "precision": 0.8892264074524099,
        "recall": 0.9762116496220542,
        "f1": 0.9306909707503179
      }
    },
    "gradient_boosting": {
      "model": "gradient_boosting",
      "threshold": 0.3,
      "precision": 0.864123560348845,
      "recall": 0.9619089965910775,
      "f1": 0.9103980361213396,
      "auc_roc": 0.9926020149775693,
      "threshold_search": {
        "threshold": 0.3,
        "precision": 0.864123560348845,
        "recall": 0.9619089965910775,
        "f1": 0.9103980361213396
      }
    }
  },
  "feature_importances": {
    "UNASSIGNED": 0.28148779825465536,
    "SF_REFERRER": 0.13985364743846096,
    "DATA": 0.07238770439458163,
    "SF_FILETYPE": 0.05944528700953107,
    "MAX_BARRAGE": 0.05637574162371111,
    "HTML_TO_IMAGE": 0.04584378665218811,
    "WIDTH": 0.035303819552993644,
    "DEPTH": 0.02984563017028111,
    "NUMBER_OF_REQUESTS": 0.029059502739677764,
    "STD_DEPTH": 0.02601357756234798,
    "PPI": 0.025705448472741508,
    "HTML_TO_CSS": 0.022284377645571007,
    "AVERAGE_TIME": 0.02196809910719058,
    "TOTAL_HTML": 0.0201513064591268,
    "TOTAL_DURATION": 0.01898583689522458,
    "STANDARD_DEVIATION": 0.0175317608240166,
    "TOTAL_TOPICS": 0.017003877457194654,
    "PENALTY": 0.014889044293552013,
    "IMAGES": 0.011664768062015938,
    "UNIQUE_TOPICS": 0.009042445448109514,
    "REPEATED_REQUESTS": 0.008953457508969668,
    "PAGE_SIMILARITY": 0.007783067506261588,
    "CONSECUTIVE": 0.005858144797421403,
    "HTML_TO_JS": 0.00523334739027181,
    "HTTP_RESPONSE_2XX": 0.0034619027676825176,
    "NIGHT": 0.0033894918161906794,
    "BOOLEAN_PAGE_VARIANCE": 0.0026106811553845287,
    "HTTP_RESPONSE_4XX": 0.0026099377085827173,
    "PAGE_VARIANCE": 0.0017920135860057646,
    "GET_METHOD": 0.001315932657278799,
    "HEAD_METHOD": 0.0008728023426354343,
    "HTTP_RESPONSE_3XX": 0.000688400911220218,
    "POST_METHOD": 0.0004205404613662832,
    "HTTP_RESPONSE_5XX": 0.00013381431923960738,
    "OTHER_METHOD": 3.300500831705582e-05
  }
}